t,target,cmd,measured
0,20,70.001,0
0.005,20,30.002,0
0.01,20,30.003,0
0.015,20,30.004,0
0.02,20,30.005,0
0.025,20,30.006,0
0.03,20,30.007,0
0.035,20,30.008,0
0.04,20,30.009,0
0.045,20,30.01,0
0.05,20,30.011,0
0.055,20,30.012,0
0.06,20,30.013,0
0.065,20,30.014,0
0.07,20,30.015,0
0.075,20,30.016,0
0.08,20,30.017,0
0.085,20,30.018,0
0.09,20,30.019,0
0.095,20,30.02,0
0.1,20,30.02,0
0.105,20,30.02,0
0.11,20,30.02,0.2
0.115,20,29.32,0.4
0.12,20,29.02,0.5
0.125,20,29.07,0.7
0.13,20,28.57,0.9
0.135,20,28.27,1
0.14,20,28.32,1.2
0.145,20,27.82,1.4
0.15,20,27.52,1.6
0.155,20,27.22,1.7
0.16,20,27.27,1.9
0.165,20,26.77,2.1
0.17,20,26.47,2.3
0.175,20,26.17,2.4
0.18,20,26.22,2.6
0.185,20,25.72,2.8
0.19,20,25.42,3
0.195,20,25.12,3.1
0.2,20,25.17,3.3
0.205,20,24.67,3.5
0.21,20,24.37,3.6
0.215,20,24.42,3.8
0.22,20,23.92,4
0.225,20,23.62,4.1
0.23,20,23.67,4.3
0.235,20,23.17,4.5
0.24,20,22.87,4.6
0.245,20,22.92,4.8
0.25,20,22.42,5
0.255,20,22.12,5.1
0.26,20,22.17,5.3
0.265,20,21.67,5.4
0.27,20,21.72,5.6
0.275,20,21.22,5.8
0.28,20,20.92,5.9
0.285,20,20.97,6.1
0.29,20,20.47,6.2
0.295,20,20.52,6.4
0.3,20,20.02,6.5
0.305,20,20.07,6.7
0.31,20,19.57,6.8
0.315,20,19.62,6.9
0.32,20,19.47,7.1
0.325,20,18.97,7.2
0.33,20,19.02,7.4
0.335,20,18.52,7.5
0.34,20,18.57,7.6
0.345,20,18.42,7.8
0.35,20,17.92,7.9
0.355,20,17.97,8
0.36,20,17.82,8.2
0.365,20,17.32,8.3
0.37,20,17.37,8.4
0.375,20,17.22,8.6
0.38,20,16.72,8.7
0.385,20,16.77,8.8
0.39,20,16.62,8.9
0.395,20,16.47,9.1
0.4,20,15.97,9.2
0.405,20,16.02,9.3
0.41,20,15.87,9.4
0.415,20,15.72,9.5
0.42,20,15.57,9.7
0.425,20,15.07,9.8
0.43,20,15.12,9.9
0.435,20,14.97,10
0.44,20,14.82,10.1
0.445,20,14.67,10.2
0.45,20,14.52,10.3
0.455,20,14.37,10.4
0.46,20,14.22,10.5
0.465,20,14.07,10.6
0.47,20,13.92,10.7
0.475,20,13.77,10.8
0.48,20,13.62,11
0.485,20,13.12,11.1
0.49,20,13.17,11.2
0.495,20,13.02,11.3
0.5,20,12.87,11.3
0.505,20,13.07,11.4
0.51,20,12.72,11.5
0.515,20,12.57,11.6
0.52,20,12.42,11.7
0.525,20,12.27,11.8
0.53,20,12.12,11.9
0.535,20,11.97,12
0.54,20,11.82,12.1
0.545,20,11.67,12.2
0.55,20,11.52,12.3
0.555,20,11.37,12.4
0.56,20,11.22,12.4
0.565,20,11.42,12.5
0.57,20,11.07,12.6
0.575,20,10.92,12.7
0.58,20,10.77,12.8
0.585,20,10.62,12.9
0.59,20,10.47,12.9
0.595,20,10.67,13
0.6,20,10.32,13.1
0.605,20,10.17,13.2
0.61,20,10.02,13.2
0.615,20,10.22,13.3
0.62,20,9.87,13.4
0.625,20,9.72,13.5
0.63,20,9.57,13.5
0.635,20,9.77,13.6
0.64,20,9.42,13.7
0.645,20,9.27,13.8
0.65,20,9.12,13.8
0.655,20,9.32,13.9
0.66,20,8.97,14
0.665,20,8.82,14
0.67,20,9.02,14.1
0.675,20,8.67,14.2
0.68,20,8.52,14.2
0.685,20,8.72,14.3
0.69,20,8.37,14.4
0.695,20,8.22,14.4
0.7,20,8.42,14.5
0.705,20,8.07,14.5
0.71,20,8.27,14.6
0.715,20,7.92,14.7
0.72,20,7.77,14.7
0.725,20,7.97,14.8
0.73,20,7.62,14.8
0.735,20,7.82,14.9
0.74,20,7.47,15
0.745,20,7.32,15
0.75,20,7.52,15.1
0.755,20,7.17,15.1
0.76,20,7.37,15.2
0.765,20,7.02,15.2
0.77,20,7.22,15.3
0.775,20,6.87,15.3
0.78,20,7.07,15.4
0.785,20,6.72,15.4
0.79,20,6.92,15.5
0.795,20,6.57,15.5
0.8,20,6.77,15.6
0.805,20,6.42,15.6
0.81,20,6.62,15.7
0.815,20,6.27,15.7
0.82,20,6.47,15.8
0.825,20,6.12,15.8
0.83,20,6.32,15.9
0.835,20,5.97,15.9
0.84,20,6.17,16
0.845,20,5.82,16
0.85,20,6.02,16.1
0.855,20,5.67,16.1
0.86,20,5.87,16.2
0.865,20,5.52,16.2
0.87,20,5.72,16.2
0.875,20,5.72,16.3
0.88,20,5.37,16.3
0.885,20,5.57,16.4
0.89,20,5.22,16.4
0.895,20,5.42,16.4
0.9,20,5.42,16.5
0.905,20,5.07,16.5
0.91,20,5.27,16.6
0.915,20,4.92,16.6
0.92,20,5.12,16.6
0.925,20,5.12,16.7
0.93,20,4.77,16.7
0.935,20,4.97,16.8
0.94,20,4.62,16.8
0.945,20,4.82,16.8
0.95,20,4.82,16.9
0.955,20,4.47,16.9
0.96,20,4.67,16.9
0.965,20,4.67,17
0.97,20,4.32,17
0.975,20,4.52,17
0.98,20,4.52,17.1
0.985,20,4.17,17.1
0.99,20,4.37,17.1
0.995,20,4.37,17.2
1,20,4.02,17.2
1.005,20,4.22,17.2
1.01,20,4.22,17.3
1.015,20,3.87,17.3
1.02,20,4.07,17.3
1.025,20,4.07,17.3
1.03,20,4.07,17.4
1.035,20,3.72,17.4
1.04,20,3.92,17.4
1.045,20,3.92,17.5
1.05,20,3.57,17.5
1.055,20,3.77,17.5
1.06,20,3.77,17.5
1.065,20,3.77,17.6
1.07,20,3.42,17.6
1.075,20,3.62,17.6
1.08,20,3.62,17.7
1.085,20,3.27,17.7
1.09,20,3.47,17.7
1.095,20,3.47,17.7
1.1,20,3.47,17.8
1.105,20,3.12,17.8
1.11,20,3.32,17.8
1.115,20,3.32,17.8
1.12,20,3.32,17.9
1.125,20,2.97,17.9
1.13,20,3.17,17.9
1.135,20,3.17,17.9
1.14,20,3.17,18
1.145,20,2.82,18
1.15,20,3.02,18
1.155,20,3.02,18
1.16,20,3.02,18
1.165,20,3.02,18.1
1.17,20,2.67,18.1
1.175,20,2.87,18.1
1.18,20,2.87,18.1
1.185,20,2.87,18.2
1.19,20,2.52,18.2
1.195,20,2.72,18.2
1.2,20,2.72,18.2
1.205,20,2.72,18.2
1.21,20,2.72,18.3
1.215,20,2.37,18.3
1.22,20,2.57,18.3
1.225,20,2.57,18.3
1.23,20,2.57,18.3
1.235,20,2.57,18.3
1.24,20,2.57,18.4
1.245,20,2.22,18.4
1.25,20,2.42,18.4
1.255,20,2.42,18.4
1.26,20,2.42,18.4
1.265,20,2.42,18.5
1.27,20,2.07,18.5
1.275,20,2.27,18.5
1.28,20,2.27,18.5
1.285,20,2.27,18.5
1.29,20,2.27,18.5
1.295,20,2.27,18.6
1.3,20,1.92,18.6
1.305,20,2.12,18.6
1.31,20,2.12,18.6
1.315,20,2.12,18.6
1.32,20,2.12,18.6
1.325,20,2.12,18.7
1.33,20,1.77,18.7
1.335,20,1.97,18.7
1.34,20,1.97,18.7
1.345,20,1.97,18.7
1.35,20,1.97,18.7
1.355,20,1.97,18.7
1.36,20,1.97,18.8
1.365,20,1.62,18.8
1.37,20,1.82,18.8
1.375,20,1.82,18.8
1.38,20,1.82,18.8
1.385,20,1.82,18.8
1.39,20,1.82,18.8
1.395,20,1.82,18.9
1.4,20,1.47,18.9
1.405,20,1.67,18.9
1.41,20,1.67,18.9
1.415,20,1.67,18.9
1.42,20,1.67,18.9
1.425,20,1.67,18.9
1.43,20,1.67,18.9
1.435,20,1.67,19
1.44,20,1.32,19
1.445,20,1.52,19
1.45,20,1.52,19
1.455,20,1.52,19
1.46,20,1.52,19
1.465,20,1.52,19
1.47,20,1.52,19
1.475,20,1.52,19
1.48,20,1.52,19.1
1.485,20,1.17,19.1
1.49,20,1.37,19.1
1.495,20,1.37,19.1
1.5,20,1.37,19.1
1.505,20,1.37,19.1
1.51,20,1.37,19.1
1.515,20,1.37,19.1
1.52,20,1.37,19.1
1.525,20,1.37,19.1
1.53,20,1.37,19.2
1.535,20,1.02,19.2
1.54,20,1.22,19.2
1.545,20,1.22,19.2
1.55,20,1.22,19.2
1.555,20,1.22,19.2
1.56,20,1.22,19.2
1.565,20,1.22,19.2
1.57,20,1.22,19.2
1.575,20,1.22,19.2
1.58,20,1.22,19.2
1.585,20,1.22,19.3
1.59,20,0.87,19.3
1.595,20,1.07,19.3
1.6,20,1.07,19.3
1.605,20,1.07,19.3
1.61,20,1.07,19.3
1.615,20,1.07,19.3
1.62,20,1.07,19.3
1.625,20,1.07,19.3
1.63,20,1.07,19.3
1.635,20,1.07,19.3
1.64,20,1.07,19.3
1.645,20,1.07,19.4
1.65,20,0.72,19.4
1.655,20,0.92,19.4
1.66,20,0.92,19.4
1.665,20,0.92,19.4
1.67,20,0.92,19.4
1.675,20,0.92,19.4
1.68,20,0.92,19.4
1.685,20,0.92,19.4
1.69,20,0.92,19.4
1.695,20,0.92,19.4
1.7,20,0.92,19.4
1.705,20,0.92,19.4
1.71,20,0.92,19.4
1.715,20,0.92,19.4
1.72,20,0.92,19.5
1.725,20,0.57,19.5
1.73,20,0.77,19.5
1.735,20,0.77,19.5
1.74,20,0.77,19.5
1.745,20,0.77,19.5
1.75,20,0.77,19.5
1.755,20,0.77,19.5
1.76,20,0.77,19.5
1.765,20,0.77,19.5
1.77,20,0.77,19.5
1.775,20,0.77,19.5
1.78,20,0.77,19.5
1.785,20,0.77,19.5
1.79,20,0.77,19.5
1.795,20,0.77,19.5
1.8,20,0.77,19.5
1.805,20,0.77,19.6
1.81,20,0.42,19.6
1.815,20,0.62,19.6
1.82,20,0.62,19.6
1.825,20,0.62,19.6
1.83,20,0.62,19.6
1.835,20,0.62,19.6
1.84,20,0.62,19.6
1.845,20,0.62,19.6
1.85,20,0.62,19.6
1.855,20,0.62,19.6
1.86,20,0.62,19.6
1.865,20,0.62,19.6
1.87,20,0.62,19.6
1.875,20,0.62,19.6
1.88,20,0.62,19.6
1.885,20,0.62,19.6
1.89,20,0.62,19.6
1.895,20,0.62,19.6
1.9,20,0.62,19.6
1.905,20,0.62,19.6
1.91,20,0.62,19.6
1.915,20,0.62,19.7
1.92,20,0.27,19.7
1.925,20,0.47,19.7
1.93,20,0.47,19.7
1.935,20,0.47,19.7
1.94,20,0.47,19.7
1.945,20,0.47,19.7
1.95,20,0.47,19.7
1.955,20,0.47,19.7
1.96,20,0.47,19.7
1.965,20,0.47,19.7
1.97,20,0.47,19.7
1.975,20,0.47,19.7
1.98,20,0.47,19.7
1.985,20,0.47,19.7
1.99,20,0.47,19.7
1.995,20,0.47,19.7
2,20,0.47,19.7
2.005,20,0.47,19.7
2.01,20,0.47,19.7
2.015,20,0.47,19.7
2.02,20,0.47,19.7
2.025,20,0.47,19.7
2.03,20,0.47,19.7
2.035,20,0.47,19.7
2.04,20,0.47,19.7
2.045,20,0.47,19.7
2.05,20,0.47,19.7
2.055,20,0.47,19.7
2.06,20,0.47,19.8
2.065,20,0.12,19.8
2.07,20,0.32,19.8
2.075,20,0.32,19.8
2.08,20,0.32,19.8
2.085,20,0.32,19.8
2.09,20,0.32,19.8
2.095,20,0.32,19.8
2.1,20,0.32,19.8
2.105,20,0.32,19.8
2.11,20,0.32,19.8
2.115,20,0.32,19.8
2.12,20,0.32,19.8
2.125,20,0.32,19.8
2.13,20,0.32,19.8
2.135,20,0.32,19.8
2.14,20,0.32,19.8
2.145,20,0.32,19.8
2.15,20,0.32,19.8
2.155,20,0.32,19.8
2.16,20,0.32,19.8
2.165,20,0.32,19.8
2.17,20,0.32,19.8
2.175,20,0.32,19.8
2.18,20,0.32,19.8
2.185,20,0.32,19.8
2.19,20,0.32,19.8
2.195,20,0.32,19.8
2.2,20,0.32,19.8
2.205,20,0.32,19.8
2.21,20,0.32,19.8
2.215,20,0.32,19.8
2.22,20,0.32,19.8
2.225,20,0.32,19.8
2.23,20,0.32,19.8
2.235,20,0.32,19.8
2.24,20,0.32,19.8
2.245,20,0.32,19.8
2.25,20,0.32,19.8
2.255,20,0.32,19.8
2.26,20,0.32,19.8
2.265,20,0.32,19.8
2.27,20,0.32,19.9
2.275,20,-0.03,19.9
2.28,20,0.17,19.9
2.285,20,0.17,19.9
2.29,20,0.17,19.9
2.295,20,0.17,19.9
2.3,20,0.17,19.9
2.305,20,0.17,19.9
2.31,20,0.17,19.9
2.315,20,0.17,19.9
2.32,20,0.17,19.9
2.325,20,0.17,19.9
2.33,20,0.17,19.9
2.335,20,0.17,19.9
2.34,20,0.17,19.9
2.345,20,0.17,19.9
2.35,20,0.17,19.9
2.355,20,0.17,19.9
2.36,20,0.17,19.9
2.365,20,0.17,19.9
2.37,20,0.17,19.9
2.375,20,0.17,19.9
2.38,20,0.17,19.9
2.385,20,0.17,19.9
2.39,20,0.17,19.9
2.395,20,0.17,19.9
2.4,20,0.17,19.9
2.405,20,0.17,19.9
2.41,20,0.17,19.9
2.415,20,0.17,19.9
2.42,20,0.17,19.9
2.425,20,0.17,19.9
2.43,20,0.17,19.9
2.435,20,0.17,19.9
2.44,20,0.17,19.9
2.445,20,0.17,19.9
2.45,20,0.17,19.9
2.455,20,0.17,19.9
2.46,20,0.17,19.9
2.465,20,0.17,19.9
2.47,20,0.17,19.9
2.475,20,0.17,19.9
2.48,20,0.17,19.9
2.485,20,0.17,19.9
2.49,20,0.17,19.9
2.495,20,0.17,19.9
2.5,20,0.17,19.9
2.505,20,0.17,19.9
2.51,20,0.17,19.9
2.515,20,0.17,19.9
2.52,20,0.17,19.9
2.525,20,0.17,19.9
2.53,20,0.17,19.9
2.535,20,0.17,19.9
2.54,20,0.17,19.9
2.545,20,0.17,19.9
2.55,20,0.17,19.9
2.555,20,0.17,19.9
2.56,20,0.17,19.9
2.565,20,0.17,19.9
2.57,20,0.17,19.9
2.575,20,0.17,19.9
2.58,20,0.17,19.9
2.585,20,0.17,19.9
2.59,20,0.17,19.9
2.595,20,0.17,19.9
2.6,20,0.17,19.9
2.605,20,0.17,19.9
2.61,20,0.17,19.9
2.615,20,0.17,19.9
2.62,20,0.17,19.9
2.625,20,0.17,19.9
2.63,20,0.17,19.9
2.635,20,0.17,19.9
2.64,20,0.17,19.9
2.645,20,0.17,19.9
2.65,20,0.17,19.9
2.655,20,0.17,19.9
2.66,20,0.17,19.9
2.665,20,0.17,19.9
2.67,20,0.17,20
2.675,20,-0.18,20
2.68,20,0.02,20
2.685,20,0.02,20
2.69,20,0.02,20
2.695,20,0.02,20
2.7,20,0.02,20
2.705,20,0.02,20
2.71,20,0.02,20
2.715,20,0.02,20
2.72,20,0.02,20
2.725,20,0.02,20
2.73,20,0.02,20
2.735,20,0.02,20
2.74,20,0.02,20
2.745,20,0.02,20
2.75,20,0.02,20
2.755,20,0.02,20
2.76,20,0.02,20
2.765,20,0.02,20
2.77,20,0.02,20
2.775,20,0.02,20
2.78,20,0.02,20
2.785,20,0.02,20
2.79,20,0.02,20
2.795,20,0.02,20
2.8,20,0.02,20
2.805,20,0.02,20
2.81,20,0.02,20
2.815,20,0.02,20
2.82,20,0.02,20
2.825,20,0.02,20
2.83,20,0.02,20
2.835,20,0.02,20
2.84,20,0.02,20
2.845,20,0.02,20
2.85,20,0.02,20
2.855,20,0.02,20
2.86,20,0.02,20
2.865,20,0.02,20
2.87,20,0.02,20
2.875,20,0.02,20
2.88,20,0.02,20
2.885,20,0.02,20
2.89,20,0.02,20
2.895,20,0.02,20
2.9,20,0.02,20
2.905,20,0.02,20
2.91,20,0.02,20
2.915,20,0.02,20
2.92,20,0.02,20
2.925,20,0.02,20
2.93,20,0.02,20
2.935,20,0.02,20
2.94,20,0.02,20
2.945,20,0.02,20
2.95,20,0.02,20
2.955,20,0.02,20
2.96,20,0.02,20
2.965,20,0.02,20
2.97,20,0.02,20
2.975,20,0.02,20
2.98,20,0.02,20
2.985,20,0.02,20
2.99,20,0.02,20
2.995,20,0.02,20
3,20,0.02,20
3.005,20,0.02,20
3.01,20,0.02,20
3.015,20,0.02,20
3.02,20,0.02,20
3.025,20,0.02,20
3.03,20,0.02,20
3.035,20,0.02,20
3.04,20,0.02,20
3.045,20,0.02,20
3.05,20,0.02,20
3.055,20,0.02,20
3.06,20,0.02,20
3.065,20,0.02,20
3.07,20,0.02,20
3.075,20,0.02,20
3.08,20,0.02,20
3.085,20,0.02,20
3.09,20,0.02,20
3.095,20,0.02,20
3.1,20,0.02,20
3.105,20,0.02,20
3.11,20,0.02,20
3.115,20,0.02,20
3.12,20,0.02,20
3.125,20,0.02,20
3.13,20,0.02,20
3.135,20,0.02,20
3.14,20,0.02,20
3.145,20,0.02,20
3.15,20,0.02,20
3.155,20,0.02,20
3.16,20,0.02,20
3.165,20,0.02,20
3.17,20,0.02,20
3.175,20,0.02,20
3.18,20,0.02,20
3.185,20,0.02,20
3.19,20,0.02,20
3.195,20,0.02,20
3.2,20,0.02,20
3.205,20,0.02,20
3.21,20,0.02,20
3.215,20,0.02,20
3.22,20,0.02,20
3.225,20,0.02,20
3.23,20,0.02,20
3.235,20,0.02,20
3.24,20,0.02,20
3.245,20,0.02,20
3.25,20,0.02,20
3.255,20,0.02,20
3.26,20,0.02,20
3.265,20,0.02,20
3.27,20,0.02,20
3.275,20,0.02,20
3.28,20,0.02,20
3.285,20,0.02,20
3.29,20,0.02,20
3.295,20,0.02,20
3.3,20,0.02,20
3.305,20,0.02,20
3.31,20,0.02,20
3.315,20,0.02,20
3.32,20,0.02,20
3.325,20,0.02,20
3.33,20,0.02,20
3.335,20,0.02,20
3.34,20,0.02,20
3.345,20,0.02,20
3.35,20,0.02,20
3.355,20,0.02,20
3.36,20,0.02,20
3.365,20,0.02,20
3.37,20,0.02,20
3.375,20,0.02,20
3.38,20,0.02,20
3.385,20,0.02,20
3.39,20,0.02,20
3.395,20,0.02,20
3.4,20,0.02,20
3.405,20,0.02,20
3.41,20,0.02,20
3.415,20,0.02,20
3.42,20,0.02,20
3.425,20,0.02,20
3.43,20,0.02,20
3.435,20,0.02,20
3.44,20,0.02,20
3.445,20,0.02,20
3.45,20,0.02,20
3.455,20,0.02,20
3.46,20,0.02,20
3.465,20,0.02,20
3.47,20,0.02,20
3.475,20,0.02,20
3.48,20,0.02,20
3.485,20,0.02,20
3.49,20,0.02,20
3.495,20,0.02,20
3.5,20,0.02,20
3.505,20,0.02,20
3.51,20,0.02,20
3.515,20,0.02,20
3.52,20,0.02,20
3.525,20,0.02,20
3.53,20,0.02,20
3.535,20,0.02,20
3.54,20,0.02,20
3.545,20,0.02,20
3.55,20,0.02,20
3.555,20,0.02,20
3.56,20,0.02,20
3.565,20,0.02,20
3.57,20,0.02,20
3.575,20,0.02,20
3.58,20,0.02,20
3.585,20,0.02,20
3.59,20,0.02,20
3.595,20,0.02,20
3.6,20,0.02,20
3.605,20,0.02,20
3.61,20,0.02,20
3.615,20,0.02,20
3.62,20,0.02,20
3.625,20,0.02,20
3.63,20,0.02,20
3.635,20,0.02,20
3.64,20,0.02,20
3.645,20,0.02,20
3.65,20,0.02,20
3.655,20,0.02,20
3.66,20,0.02,20
3.665,20,0.02,20
3.67,20,0.02,20
3.675,20,0.02,20
3.68,20,0.02,20
3.685,20,0.02,20
3.69,20,0.02,20
3.695,20,0.02,20
3.7,20,0.02,20
3.705,20,0.02,20
3.71,20,0.02,20
3.715,20,0.02,20
3.72,20,0.02,20
3.725,20,0.02,20
3.73,20,0.02,20
3.735,20,0.02,20
3.74,20,0.02,20
3.745,20,0.02,20
3.75,20,0.02,20
3.755,20,0.02,20
3.76,20,0.02,20
3.765,20,0.02,20
3.77,20,0.02,20
3.775,20,0.02,20
3.78,20,0.02,20
3.785,20,0.02,20
3.79,20,0.02,20
3.795,20,0.02,20
3.8,20,0.02,20
3.805,20,0.02,20
3.81,20,0.02,20
3.815,20,0.02,20
3.82,20,0.02,20
3.825,20,0.02,20
3.83,20,0.02,20
3.835,20,0.02,20
3.84,20,0.02,20
3.845,20,0.02,20
3.85,20,0.02,20
3.855,20,0.02,20
3.86,20,0.02,20
3.865,20,0.02,20
3.87,20,0.02,20
3.875,20,0.02,20
3.88,20,0.02,20
3.885,20,0.02,20
3.89,20,0.02,20
3.895,20,0.02,20
3.9,20,0.02,20
3.905,20,0.02,20
3.91,20,0.02,20
3.915,20,0.02,20
3.92,20,0.02,20
3.925,20,0.02,20
3.93,20,0.02,20
3.935,20,0.02,20
3.94,20,0.02,20
3.945,20,0.02,20
3.95,20,0.02,20
3.955,20,0.02,20
3.96,20,0.02,20
3.965,20,0.02,20
3.97,20,0.02,20
3.975,20,0.02,20
3.98,20,0.02,20
3.985,20,0.02,20
3.99,20,0.02,20
3.995,20,0.02,20
4,20,0.02,20
4.005,20,0.02,20
4.01,20,0.02,20
4.015,20,0.02,20
4.02,20,0.02,20
4.025,20,0.02,20
4.03,20,0.02,20
4.035,20,0.02,20
4.04,20,0.02,20
4.045,20,0.02,20
4.05,20,0.02,20
4.055,20,0.02,20
4.06,20,0.02,20
4.065,20,0.02,20
4.07,20,0.02,20
4.075,20,0.02,20
4.08,20,0.02,20
4.085,20,0.02,20
4.09,20,0.02,20
4.095,20,0.02,20
4.1,20,0.02,20
4.105,20,0.02,20
4.11,20,0.02,20
4.115,20,0.02,20
4.12,20,0.02,20
4.125,20,0.02,20
4.13,20,0.02,20
4.135,20,0.02,20
4.14,20,0.02,20
4.145,20,0.02,20
4.15,20,0.02,20
4.155,20,0.02,20
4.16,20,0.02,20
4.165,20,0.02,20
4.17,20,0.02,20
4.175,20,0.02,20
4.18,20,0.02,20
4.185,20,0.02,20
4.19,20,0.02,20
4.195,20,0.02,20
4.2,20,0.02,20
4.205,20,0.02,20
4.21,20,0.02,20
4.215,20,0.02,20
4.22,20,0.02,20
4.225,20,0.02,20
4.23,20,0.02,20
4.235,20,0.02,20
4.24,20,0.02,20
4.245,20,0.02,20
4.25,20,0.02,20
4.255,20,0.02,20
4.26,20,0.02,20
4.265,20,0.02,20
4.27,20,0.02,20
4.275,20,0.02,20
4.28,20,0.02,20
4.285,20,0.02,20
4.29,20,0.02,20
4.295,20,0.02,20
4.3,20,0.02,20
4.305,20,0.02,20
4.31,20,0.02,20
4.315,20,0.02,20
4.32,20,0.02,20
4.325,20,0.02,20
4.33,20,0.02,20
4.335,20,0.02,20
4.34,20,0.02,20
4.345,20,0.02,20
4.35,20,0.02,20
4.355,20,0.02,20
4.36,20,0.02,20
4.365,20,0.02,20
4.37,20,0.02,20
4.375,20,0.02,20
4.38,20,0.02,20
4.385,20,0.02,20
4.39,20,0.02,20
4.395,20,0.02,20
4.4,20,0.02,20
4.405,20,0.02,20
4.41,20,0.02,20
4.415,20,0.02,20
4.42,20,0.02,20
4.425,20,0.02,20
4.43,20,0.02,20
4.435,20,0.02,20
4.44,20,0.02,20
4.445,20,0.02,20
4.45,20,0.02,20
4.455,20,0.02,20
4.46,20,0.02,20
4.465,20,0.02,20
4.47,20,0.02,20
4.475,20,0.02,20
4.48,20,0.02,20
4.485,20,0.02,20
4.49,20,0.02,20
4.495,20,0.02,20
4.5,20,0.02,20
4.505,20,0.02,20
4.51,20,0.02,20
4.515,20,0.02,20
4.52,20,0.02,20
4.525,20,0.02,20
4.53,20,0.02,20
4.535,20,0.02,20
4.54,20,0.02,20
4.545,20,0.02,20
4.55,20,0.02,20
4.555,20,0.02,20
4.56,20,0.02,20
4.565,20,0.02,20
4.57,20,0.02,20
4.575,20,0.02,20
4.58,20,0.02,20
4.585,20,0.02,20
4.59,20,0.02,20
4.595,20,0.02,20
4.6,20,0.02,20
4.605,20,0.02,20
4.61,20,0.02,20
4.615,20,0.02,20
4.62,20,0.02,20
4.625,20,0.02,20
4.63,20,0.02,20
4.635,20,0.02,20
4.64,20,0.02,20
4.645,20,0.02,20
4.65,20,0.02,20
4.655,20,0.02,20
4.66,20,0.02,20
4.665,20,0.02,20
4.67,20,0.02,20
4.675,20,0.02,20
4.68,20,0.02,20
4.685,20,0.02,20
4.69,20,0.02,20
4.695,20,0.02,20
4.7,20,0.02,20
4.705,20,0.02,20
4.71,20,0.02,20
4.715,20,0.02,20
4.72,20,0.02,20
4.725,20,0.02,20
4.73,20,0.02,20
4.735,20,0.02,20
4.74,20,0.02,20
4.745,20,0.02,20
4.75,20,0.02,20
4.755,20,0.02,20
4.76,20,0.02,20
4.765,20,0.02,20
4.77,20,0.02,20
4.775,20,0.02,20
4.78,20,0.02,20
4.785,20,0.02,20
4.79,20,0.02,20
4.795,20,0.02,20
4.8,20,0.02,20
4.805,20,0.02,20
4.81,20,0.02,20
4.815,20,0.02,20
4.82,20,0.02,20
4.825,20,0.02,20
4.83,20,0.02,20
4.835,20,0.02,20
4.84,20,0.02,20
4.845,20,0.02,20
4.85,20,0.02,20
4.855,20,0.02,20
4.86,20,0.02,20
4.865,20,0.02,20
4.87,20,0.02,20
4.875,20,0.02,20
4.88,20,0.02,20
4.885,20,0.02,20
4.89,20,0.02,20
4.895,20,0.02,20
4.9,20,0.02,20
4.905,20,0.02,20
4.91,20,0.02,20
4.915,20,0.02,20
4.92,20,0.02,20
4.925,20,0.02,20
4.93,20,0.02,20
4.935,20,0.02,20
4.94,20,0.02,20
4.945,20,0.02,20
4.95,20,0.02,20
4.955,20,0.02,20
4.96,20,0.02,20
4.965,20,0.02,20
4.97,20,0.02,20
4.975,20,0.02,20
4.98,20,0.02,20
4.985,20,0.02,20
4.99,20,0.02,20
4.995,20,0.02,20
5,20,0.02,20
5.005,20,0.02,20
5.01,20,0.02,20
5.015,20,0.02,20
5.02,20,0.02,20
5.025,20,0.02,20
5.03,20,0.02,20
5.035,20,0.02,20
5.04,20,0.02,20
5.045,20,0.02,20
5.05,20,0.02,20
5.055,20,0.02,20
5.06,20,0.02,20
5.065,20,0.02,20
5.07,20,0.02,20
5.075,20,0.02,20
5.08,20,0.02,20
5.085,20,0.02,20
5.09,20,0.02,20
5.095,20,0.02,20
5.1,20,0.02,20
5.105,20,0.02,20
5.11,20,0.02,20
5.115,20,0.02,20
5.12,20,0.02,20
5.125,20,0.02,20
5.13,20,0.02,20
5.135,20,0.02,20
5.14,20,0.02,20
5.145,20,0.02,20
5.15,20,0.02,20
5.155,20,0.02,20
5.16,20,0.02,20
5.165,20,0.02,20
5.17,20,0.02,20
5.175,20,0.02,20
5.18,20,0.02,20
5.185,20,0.02,20
5.19,20,0.02,20
5.195,20,0.02,20
5.2,20,0.02,20
5.205,20,0.02,20
5.21,20,0.02,20
5.215,20,0.02,20
5.22,20,0.02,20
5.225,20,0.02,20
5.23,20,0.02,20
5.235,20,0.02,20
5.24,20,0.02,20
5.245,20,0.02,20
5.25,20,0.02,20
5.255,20,0.02,20
5.26,20,0.02,20
5.265,20,0.02,20
5.27,20,0.02,20
5.275,20,0.02,20
5.28,20,0.02,20
5.285,20,0.02,20
5.29,20,0.02,20
5.295,20,0.02,20
5.3,20,0.02,20
5.305,20,0.02,20
5.31,20,0.02,20
5.315,20,0.02,20
5.32,20,0.02,20
5.325,20,0.02,20
5.33,20,0.02,20
5.335,20,0.02,20
5.34,20,0.02,20
5.345,20,0.02,20
5.35,20,0.02,20
5.355,20,0.02,20
5.36,20,0.02,20
5.365,20,0.02,20
5.37,20,0.02,20
5.375,20,0.02,20
5.38,20,0.02,20
5.385,20,0.02,20
5.39,20,0.02,20
5.395,20,0.02,20
5.4,20,0.02,20
5.405,20,0.02,20
5.41,20,0.02,20
5.415,20,0.02,20
5.42,20,0.02,20
5.425,20,0.02,20
5.43,20,0.02,20
5.435,20,0.02,20
5.44,20,0.02,20
5.445,20,0.02,20
5.45,20,0.02,20
5.455,20,0.02,20
5.46,20,0.02,20
5.465,20,0.02,20
5.47,20,0.02,20
5.475,20,0.02,20
5.48,20,0.02,20
5.485,20,0.02,20
5.49,20,0.02,20
5.495,20,0.02,20
5.5,20,0.02,20
5.505,20,0.02,20
5.51,20,0.02,20
5.515,20,0.02,20
5.52,20,0.02,20
5.525,20,0.02,20
5.53,20,0.02,20
5.535,20,0.02,20
5.54,20,0.02,20
5.545,20,0.02,20
5.55,20,0.02,20
5.555,20,0.02,20
5.56,20,0.02,20
5.565,20,0.02,20
5.57,20,0.02,20
5.575,20,0.02,20
5.58,20,0.02,20
5.585,20,0.02,20
5.59,20,0.02,20
5.595,20,0.02,20
5.6,20,0.02,20
5.605,20,0.02,20
5.61,20,0.02,20
5.615,20,0.02,20
5.62,20,0.02,20
5.625,20,0.02,20
5.63,20,0.02,20
5.635,20,0.02,20
5.64,20,0.02,20
5.645,20,0.02,20
5.65,20,0.02,20
5.655,20,0.02,20
5.66,20,0.02,20
5.665,20,0.02,20
5.67,20,0.02,20
5.675,20,0.02,20
5.68,20,0.02,20
5.685,20,0.02,20
5.69,20,0.02,20
5.695,20,0.02,20
5.7,20,0.02,20
5.705,20,0.02,20
5.71,20,0.02,20
5.715,20,0.02,20
5.72,20,0.02,20
5.725,20,0.02,20
5.73,20,0.02,20
5.735,20,0.02,20
5.74,20,0.02,20
5.745,20,0.02,20
5.75,20,0.02,20
5.755,20,0.02,20
5.76,20,0.02,20
5.765,20,0.02,20
5.77,20,0.02,20
5.775,20,0.02,20
5.78,20,0.02,20
5.785,20,0.02,20
5.79,20,0.02,20
5.795,20,0.02,20
5.8,20,0.02,20
5.805,20,0.02,20
5.81,20,0.02,20
5.815,20,0.02,20
5.82,20,0.02,20
5.825,20,0.02,20
5.83,20,0.02,20
5.835,20,0.02,20
5.84,20,0.02,20
5.845,20,0.02,20
5.85,20,0.02,20
5.855,20,0.02,20
5.86,20,0.02,20
5.865,20,0.02,20
5.87,20,0.02,20
5.875,20,0.02,20
5.88,20,0.02,20
5.885,20,0.02,20
5.89,20,0.02,20
5.895,20,0.02,20
5.9,20,0.02,20
5.905,20,0.02,20
5.91,20,0.02,20
5.915,20,0.02,20
5.92,20,0.02,20
5.925,20,0.02,20
5.93,20,0.02,20
5.935,20,0.02,20
5.94,20,0.02,20
5.945,20,0.02,20
5.95,20,0.02,20
5.955,20,0.02,20
5.96,20,0.02,20
5.965,20,0.02,20
5.97,20,0.02,20
5.975,20,0.02,20
5.98,20,0.02,20
5.985,20,0.02,20
5.99,20,0.02,20
5.995,20,0.02,20
6,12,-27.9804,20
6.005,12,-11.9808,20
6.01,12,-11.9812,20
6.015,12,-11.9816,20
6.02,12,-11.982,20
6.025,12,-11.9824,20
6.03,12,-11.9828,20
6.035,12,-11.9832,20
6.04,12,-11.9836,20
6.045,12,-11.984,20
6.05,12,-11.9844,20
6.055,12,-11.9848,20
6.06,12,-11.9852,20
6.065,12,-11.9856,20
6.07,12,-11.986,20
6.075,12,-11.9864,20
6.08,12,-11.9868,20
6.085,12,-11.9872,20
6.09,12,-11.9876,20
6.095,12,-11.988,20
6.1,12,-11.9884,20
6.105,12,-11.9888,20
6.11,12,-11.9892,20
6.115,12,-11.9896,20
6.12,12,-11.99,20
6.125,12,-11.9904,20
6.13,12,-11.9908,20
6.135,12,-11.9912,20
6.14,12,-11.9916,20
6.145,12,-11.992,20
6.15,12,-11.9924,20
6.155,12,-11.9928,20
6.16,12,-11.9932,20
6.165,12,-11.9936,20
6.17,12,-11.994,20
6.175,12,-11.9944,20
6.18,12,-11.9948,20
6.185,12,-11.9952,20
6.19,12,-11.9956,20
6.195,12,-11.996,20
6.2,12,-11.9964,20
6.205,12,-11.9968,20
6.21,12,-11.9972,20
6.215,12,-11.9976,20
6.22,12,-11.998,20
6.225,12,-11.9984,20
6.23,12,-11.9988,20
6.235,12,-11.9992,20
6.24,12,-11.9996,20
6.245,12,-12,20
6.25,12,-12.0004,20
6.255,12,-12.0008,20
6.26,12,-12.0012,20
6.265,12,-12.0016,20
6.27,12,-12.002,20
6.275,12,-12.0024,20
6.28,12,-12.0028,20
6.285,12,-12.0032,20
6.29,12,-12.0036,20
6.295,12,-12.004,20
6.3,12,-12.0044,20
6.305,12,-12.0048,20
6.31,12,-12.0052,20
6.315,12,-12.0056,20
6.32,12,-12.006,20
6.325,12,-12.0064,20
6.33,12,-12.0068,20
6.335,12,-12.0072,20
6.34,12,-12.0076,20
6.345,12,-12.008,20
6.35,12,-12.0084,20
6.355,12,-12.0088,20
6.36,12,-12.0092,20
6.365,12,-12.0096,20
6.37,12,-12.01,20
6.375,12,-12.0104,20
6.38,12,-12.0108,19.9
6.385,12,-11.6612,19.8
6.39,12,-11.5116,19.8
6.395,12,-11.712,19.7
6.4,12,-11.3624,19.6
6.405,12,-11.2127,19.5
6.41,12,-11.0631,19.4
6.415,12,-10.9135,19.4
6.42,12,-11.1139,19.3
6.425,12,-10.7642,19.2
6.43,12,-10.6146,19.1
6.435,12,-10.4649,19.1
6.44,12,-10.6653,19
6.445,12,-10.3156,18.9
6.45,12,-10.166,18.8
6.455,12,-10.0163,18.8
6.46,12,-10.2167,18.7
6.465,12,-9.867,18.6
6.47,12,-9.71733,18.6
6.475,12,-9.91766,18.5
6.48,12,-9.56798,18.4
6.485,12,-9.41831,18.4
6.49,12,-9.61863,18.3
6.495,12,-9.26894,18.2
6.5,12,-9.11925,18.1
6.505,12,-8.96956,18.1
6.51,12,-9.16986,18
6.515,12,-8.82,18
6.52,12,-9.02,17.9
6.525,12,-8.67,17.8
6.53,12,-8.52,17.8
6.535,12,-8.72,17.7
6.54,12,-8.37,17.6
6.545,12,-8.22,17.6
6.55,12,-8.42,17.5
6.555,12,-8.07,17.4
6.56,12,-7.92,17.4
6.565,12,-8.12,17.3
6.57,12,-7.77,17.3
6.575,12,-7.97,17.2
6.58,12,-7.62,17.2
6.585,12,-7.82,17.1
6.59,12,-7.47,17
6.595,12,-7.32,17
6.6,12,-7.52,16.9
6.605,12,-7.17,16.9
6.61,12,-7.37,16.8
6.615,12,-7.02,16.8
6.62,12,-7.22,16.7
6.625,12,-6.87,16.7
6.63,12,-7.07,16.6
6.635,12,-6.72,16.6
6.64,12,-6.92,16.5
6.645,12,-6.57,16.5
6.65,12,-6.77,16.4
6.655,12,-6.42,16.4
6.66,12,-6.62,16.3
6.665,12,-6.27,16.3
6.67,12,-6.47,16.2
6.675,12,-6.12,16.2
6.68,12,-6.32,16.1
6.685,12,-5.97,16.1
6.69,12,-6.17,16
6.695,12,-5.82,16
6.7,12,-6.02,15.9
6.705,12,-5.67,15.9
6.71,12,-5.87,15.9
6.715,12,-5.87,15.8
6.72,12,-5.52,15.8
6.725,12,-5.72,15.7
6.73,12,-5.37,15.7
6.735,12,-5.57,15.6
6.74,12,-5.22,15.6
6.745,12,-5.42,15.6
6.75,12,-5.42,15.5
6.755,12,-5.07,15.5
6.76,12,-5.27,15.4
6.765,12,-4.92,15.4
6.77,12,-5.12,15.4
6.775,12,-5.12,15.3
6.78,12,-4.77,15.3
6.785,12,-4.97,15.3
6.79,12,-4.97,15.2
6.795,12,-4.62,15.2
6.8,12,-4.82,15.1
6.805,12,-4.47,15.1
6.81,12,-4.67,15.1
6.815,12,-4.67,15
6.82,12,-4.32,15
6.825,12,-4.52,15
6.83,12,-4.52,14.9
6.835,12,-4.17,14.9
6.84,12,-4.37,14.9
6.845,12,-4.37,14.8
6.85,12,-4.02,14.8
6.855,12,-4.22,14.8
6.86,12,-4.22,14.7
6.865,12,-3.87,14.7
6.87,12,-4.07,14.7
6.875,12,-4.07,14.7
6.88,12,-4.07,14.6
6.885,12,-3.72,14.6
6.89,12,-3.92,14.6
6.895,12,-3.92,14.5
6.9,12,-3.57,14.5
6.905,12,-3.77,14.5
6.91,12,-3.77,14.5
6.915,12,-3.77,14.4
6.92,12,-3.42,14.4
6.925,12,-3.62,14.4
6.93,12,-3.62,14.3
6.935,12,-3.27,14.3
6.94,12,-3.47,14.3
6.945,12,-3.47,14.3
6.95,12,-3.47,14.2
6.955,12,-3.12,14.2
6.96,12,-3.32,14.2
6.965,12,-3.32,14.2
6.97,12,-3.32,14.1
6.975,12,-2.97,14.1
6.98,12,-3.17,14.1
6.985,12,-3.17,14.1
6.99,12,-3.17,14.1
6.995,12,-3.17,14
7,12,-2.82,14
7.005,12,-3.02,14
7.01,12,-3.02,14
7.015,12,-3.02,13.9
7.02,12,-2.67,13.9
7.025,12,-2.87,13.9
7.03,12,-2.87,13.9
7.035,12,-2.87,13.9
7.04,12,-2.87,13.8
7.045,12,-2.52,13.8
7.05,12,-2.72,13.8
7.055,12,-2.72,13.8
7.06,12,-2.72,13.8
7.065,12,-2.72,13.7
7.07,12,-2.37,13.7
7.075,12,-2.57,13.7
7.08,12,-2.57,13.7
7.085,12,-2.57,13.7
7.09,12,-2.57,13.6
7.095,12,-2.22,13.6
7.1,12,-2.42,13.6
7.105,12,-2.42,13.6
7.11,12,-2.42,13.6
7.115,12,-2.42,13.5
7.12,12,-2.07,13.5
7.125,12,-2.27,13.5
7.13,12,-2.27,13.5
7.135,12,-2.27,13.5
7.14,12,-2.27,13.5
7.145,12,-2.27,13.4
7.15,12,-1.92,13.4
7.155,12,-2.12,13.4
7.16,12,-2.12,13.4
7.165,12,-2.12,13.4
7.17,12,-2.12,13.4
7.175,12,-2.12,13.3
7.18,12,-1.77,13.3
7.185,12,-1.97,13.3
7.19,12,-1.97,13.3
7.195,12,-1.97,13.3
7.2,12,-1.97,13.3
7.205,12,-1.97,13.3
7.21,12,-1.97,13.2
7.215,12,-1.62,13.2
7.22,12,-1.82,13.2
7.225,12,-1.82,13.2
7.23,12,-1.82,13.2
7.235,12,-1.82,13.2
7.24,12,-1.82,13.2
7.245,12,-1.82,13.2
7.25,12,-1.82,13.1
7.255,12,-1.47,13.1
7.26,12,-1.67,13.1
7.265,12,-1.67,13.1
7.27,12,-1.67,13.1
7.275,12,-1.67,13.1
7.28,12,-1.67,13.1
7.285,12,-1.67,13.1
7.29,12,-1.67,13
7.295,12,-1.32,13
7.3,12,-1.52,13
7.305,12,-1.52,13
7.31,12,-1.52,13
7.315,12,-1.52,13
7.32,12,-1.52,13
7.325,12,-1.52,13
7.33,12,-1.52,12.9
7.335,12,-1.17,12.9
7.34,12,-1.37,12.9
7.345,12,-1.37,12.9
7.35,12,-1.37,12.9
7.355,12,-1.37,12.9
7.36,12,-1.37,12.9
7.365,12,-1.37,12.9
7.37,12,-1.37,12.9
7.375,12,-1.37,12.9
7.38,12,-1.37,12.8
7.385,12,-1.02,12.8
7.39,12,-1.22,12.8
7.395,12,-1.22,12.8
7.4,12,-1.22,12.8
7.405,12,-1.22,12.8
7.41,12,-1.22,12.8
7.415,12,-1.22,12.8
7.42,12,-1.22,12.8
7.425,12,-1.22,12.8
7.43,12,-1.22,12.8
7.435,12,-1.22,12.7
7.44,12,-0.87,12.7
7.445,12,-1.07,12.7
7.45,12,-1.07,12.7
7.455,12,-1.07,12.7
7.46,12,-1.07,12.7
7.465,12,-1.07,12.7
7.47,12,-1.07,12.7
7.475,12,-1.07,12.7
7.48,12,-1.07,12.7
7.485,12,-1.07,12.7
7.49,12,-1.07,12.7
7.495,12,-1.07,12.7
7.5,12,-1.07,12.6
7.505,12,-0.72,12.6
7.51,12,-0.92,12.6
7.515,12,-0.92,12.6
7.52,12,-0.92,12.6
7.525,12,-0.92,12.6
7.53,12,-0.92,12.6
7.535,12,-0.92,12.6
7.54,12,-0.92,12.6
7.545,12,-0.92,12.6
7.55,12,-0.92,12.6
7.555,12,-0.92,12.6
7.56,12,-0.92,12.6
7.565,12,-0.92,12.6
7.57,12,-0.92,12.5
7.575,12,-0.57,12.5
7.58,12,-0.77,12.5
7.585,12,-0.77,12.5
7.59,12,-0.77,12.5
7.595,12,-0.77,12.5
7.6,12,-0.77,12.5
7.605,12,-0.77,12.5
7.61,12,-0.77,12.5
7.615,12,-0.77,12.5
7.62,12,-0.77,12.5
7.625,12,-0.77,12.5
7.63,12,-0.77,12.5
7.635,12,-0.77,12.5
7.64,12,-0.77,12.5
7.645,12,-0.77,12.5
7.65,12,-0.77,12.5
7.655,12,-0.77,12.4
7.66,12,-0.42,12.4
7.665,12,-0.62,12.4
7.67,12,-0.62,12.4
7.675,12,-0.62,12.4
7.68,12,-0.62,12.4
7.685,12,-0.62,12.4
7.69,12,-0.62,12.4
7.695,12,-0.62,12.4
7.7,12,-0.62,12.4
7.705,12,-0.62,12.4
7.71,12,-0.62,12.4
7.715,12,-0.62,12.4
7.72,12,-0.62,12.4
7.725,12,-0.62,12.4
7.73,12,-0.62,12.4
7.735,12,-0.62,12.4
7.74,12,-0.62,12.4
7.745,12,-0.62,12.4
7.75,12,-0.62,12.4
7.755,12,-0.62,12.4
7.76,12,-0.62,12.4
7.765,12,-0.62,12.3
7.77,12,-0.27,12.3
7.775,12,-0.47,12.3
7.78,12,-0.47,12.3
7.785,12,-0.47,12.3
7.79,12,-0.47,12.3
7.795,12,-0.47,12.3
7.8,12,-0.47,12.3
7.805,12,-0.47,12.3
7.81,12,-0.47,12.3
7.815,12,-0.47,12.3
7.82,12,-0.47,12.3
7.825,12,-0.47,12.3
7.83,12,-0.47,12.3
7.835,12,-0.47,12.3
7.84,12,-0.47,12.3
7.845,12,-0.47,12.3
7.85,12,-0.47,12.3
7.855,12,-0.47,12.3
7.86,12,-0.47,12.3
7.865,12,-0.47,12.3
7.87,12,-0.47,12.3
7.875,12,-0.47,12.3
7.88,12,-0.47,12.3
7.885,12,-0.47,12.3
7.89,12,-0.47,12.3
7.895,12,-0.47,12.3
7.9,12,-0.47,12.3
7.905,12,-0.47,12.3
7.91,12,-0.47,12.2
7.915,12,-0.12,12.2
7.92,12,-0.32,12.2
7.925,12,-0.32,12.2
7.93,12,-0.32,12.2
7.935,12,-0.32,12.2
7.94,12,-0.32,12.2
7.945,12,-0.32,12.2
7.95,12,-0.32,12.2
7.955,12,-0.32,12.2
7.96,12,-0.32,12.2
7.965,12,-0.32,12.2
7.97,12,-0.32,12.2
7.975,12,-0.32,12.2
7.98,12,-0.32,12.2
7.985,12,-0.32,12.2
7.99,12,-0.32,12.2
7.995,12,-0.32,12.2
8,12,-0.32,12.2
8.005,12,-0.32,12.2
8.01,12,-0.32,12.2
8.015,12,-0.32,12.2
8.02,12,-0.32,12.2
8.025,12,-0.32,12.2
8.03,12,-0.32,12.2
8.035,12,-0.32,12.2
8.04,12,-0.32,12.2
8.045,12,-0.32,12.2
8.05,12,-0.32,12.2
8.055,12,-0.32,12.2
8.06,12,-0.32,12.2
8.065,12,-0.32,12.2
8.07,12,-0.32,12.2
8.075,12,-0.32,12.2
8.08,12,-0.32,12.2
8.085,12,-0.32,12.2
8.09,12,-0.32,12.2
8.095,12,-0.32,12.2
8.1,12,-0.32,12.2
8.105,12,-0.32,12.2
8.11,12,-0.32,12.2
8.115,12,-0.32,12.2
8.12,12,-0.32,12.1
8.125,12,0.03,12.1
8.13,12,-0.17,12.1
8.135,12,-0.17,12.1
8.14,12,-0.17,12.1
8.145,12,-0.17,12.1
8.15,12,-0.17,12.1
8.155,12,-0.17,12.1
8.16,12,-0.17,12.1
8.165,12,-0.17,12.1
8.17,12,-0.17,12.1
8.175,12,-0.17,12.1
8.18,12,-0.17,12.1
8.185,12,-0.17,12.1
8.19,12,-0.17,12.1
8.195,12,-0.17,12.1
8.2,12,-0.17,12.1
8.205,12,-0.17,12.1
8.21,12,-0.17,12.1
8.215,12,-0.17,12.1
8.22,12,-0.17,12.1
8.225,12,-0.17,12.1
8.23,12,-0.17,12.1
8.235,12,-0.17,12.1
8.24,12,-0.17,12.1
8.245,12,-0.17,12.1
8.25,12,-0.17,12.1
8.255,12,-0.17,12.1
8.26,12,-0.17,12.1
8.265,12,-0.17,12.1
8.27,12,-0.17,12.1
8.275,12,-0.17,12.1
8.28,12,-0.17,12.1
8.285,12,-0.17,12.1
8.29,12,-0.17,12.1
8.295,12,-0.17,12.1
8.3,12,-0.17,12.1
8.305,12,-0.17,12.1
8.31,12,-0.17,12.1
8.315,12,-0.17,12.1
8.32,12,-0.17,12.1
8.325,12,-0.17,12.1
8.33,12,-0.17,12.1
8.335,12,-0.17,12.1
8.34,12,-0.17,12.1
8.345,12,-0.17,12.1
8.35,12,-0.17,12.1
8.355,12,-0.17,12.1
8.36,12,-0.17,12.1
8.365,12,-0.17,12.1
8.37,12,-0.17,12.1
8.375,12,-0.17,12.1
8.38,12,-0.17,12.1
8.385,12,-0.17,12.1
8.39,12,-0.17,12.1
8.395,12,-0.17,12.1
8.4,12,-0.17,12.1
8.405,12,-0.17,12.1
8.41,12,-0.17,12.1
8.415,12,-0.17,12.1
8.42,12,-0.17,12.1
8.425,12,-0.17,12.1
8.43,12,-0.17,12.1
8.435,12,-0.17,12.1
8.44,12,-0.17,12.1
8.445,12,-0.17,12.1
8.45,12,-0.17,12.1
8.455,12,-0.17,12.1
8.46,12,-0.17,12.1
8.465,12,-0.17,12.1
8.47,12,-0.17,12.1
8.475,12,-0.17,12.1
8.48,12,-0.17,12.1
8.485,12,-0.17,12.1
8.49,12,-0.17,12.1
8.495,12,-0.17,12.1
8.5,12,-0.17,12.1
8.505,12,-0.17,12.1
8.51,12,-0.17,12.1
8.515,12,-0.17,12
8.52,12,0.18,12
8.525,12,-0.02,12
8.53,12,-0.02,12
8.535,12,-0.02,12
8.54,12,-0.02,12
8.545,12,-0.02,12
8.55,12,-0.02,12
8.555,12,-0.02,12
8.56,12,-0.02,12
8.565,12,-0.02,12
8.57,12,-0.02,12
8.575,12,-0.02,12
8.58,12,-0.02,12
8.585,12,-0.02,12
8.59,12,-0.02,12
8.595,12,-0.02,12
8.6,12,-0.02,12
8.605,12,-0.02,12
8.61,12,-0.02,12
8.615,12,-0.02,12
8.62,12,-0.02,12
8.625,12,-0.02,12
8.63,12,-0.02,12
8.635,12,-0.02,12
8.64,12,-0.02,12
8.645,12,-0.02,12
8.65,12,-0.02,12
8.655,12,-0.02,12
8.66,12,-0.02,12
8.665,12,-0.02,12
8.67,12,-0.02,12
8.675,12,-0.02,12
8.68,12,-0.02,12
8.685,12,-0.02,12
8.69,12,-0.02,12
8.695,12,-0.02,12
8.7,12,-0.02,12
8.705,12,-0.02,12
8.71,12,-0.02,12
8.715,12,-0.02,12
8.72,12,-0.02,12
8.725,12,-0.02,12
8.73,12,-0.02,12
8.735,12,-0.02,12
8.74,12,-0.02,12
8.745,12,-0.02,12
8.75,12,-0.02,12
8.755,12,-0.02,12
8.76,12,-0.02,12
8.765,12,-0.02,12
8.77,12,-0.02,12
8.775,12,-0.02,12
8.78,12,-0.02,12
8.785,12,-0.02,12
8.79,12,-0.02,12
8.795,12,-0.02,12
8.8,12,-0.02,12
8.805,12,-0.02,12
8.81,12,-0.02,12
8.815,12,-0.02,12
8.82,12,-0.02,12
8.825,12,-0.02,12
8.83,12,-0.02,12
8.835,12,-0.02,12
8.84,12,-0.02,12
8.845,12,-0.02,12
8.85,12,-0.02,12
8.855,12,-0.02,12
8.86,12,-0.02,12
8.865,12,-0.02,12
8.87,12,-0.02,12
8.875,12,-0.02,12
8.88,12,-0.02,12
8.885,12,-0.02,12
8.89,12,-0.02,12
8.895,12,-0.02,12
8.9,12,-0.02,12
8.905,12,-0.02,12
8.91,12,-0.02,12
8.915,12,-0.02,12
8.92,12,-0.02,12
8.925,12,-0.02,12
8.93,12,-0.02,12
8.935,12,-0.02,12
8.94,12,-0.02,12
8.945,12,-0.02,12
8.95,12,-0.02,12
8.955,12,-0.02,12
8.96,12,-0.02,12
8.965,12,-0.02,12
8.97,12,-0.02,12
8.975,12,-0.02,12
8.98,12,-0.02,12
8.985,12,-0.02,12
8.99,12,-0.02,12
8.995,12,-0.02,12
9,12,-0.02,12
9.005,12,-0.02,12
9.01,12,-0.02,12
9.015,12,-0.02,12
9.02,12,-0.02,12
9.025,12,-0.02,12
9.03,12,-0.02,12
9.035,12,-0.02,12
9.04,12,-0.02,12
9.045,12,-0.02,12
9.05,12,-0.02,12
9.055,12,-0.02,12
9.06,12,-0.02,12
9.065,12,-0.02,12
9.07,12,-0.02,12
9.075,12,-0.02,12
9.08,12,-0.02,12
9.085,12,-0.02,12
9.09,12,-0.02,12
9.095,12,-0.02,12
9.1,12,-0.02,12
9.105,12,-0.02,12
9.11,12,-0.02,12
9.115,12,-0.02,12
9.12,12,-0.02,12
9.125,12,-0.02,12
9.13,12,-0.02,12
9.135,12,-0.02,12
9.14,12,-0.02,12
9.145,12,-0.02,12
9.15,12,-0.02,12
9.155,12,-0.02,12
9.16,12,-0.02,12
9.165,12,-0.02,12
9.17,12,-0.02,12
9.175,12,-0.02,12
9.18,12,-0.02,12
9.185,12,-0.02,12
9.19,12,-0.02,12
9.195,12,-0.02,12
9.2,12,-0.02,12
9.205,12,-0.02,12
9.21,12,-0.02,12
9.215,12,-0.02,12
9.22,12,-0.02,12
9.225,12,-0.02,12
9.23,12,-0.02,12
9.235,12,-0.02,12
9.24,12,-0.02,12
9.245,12,-0.02,12
9.25,12,-0.02,12
9.255,12,-0.02,12
9.26,12,-0.02,12
9.265,12,-0.02,12
9.27,12,-0.02,12
9.275,12,-0.02,12
9.28,12,-0.02,12
9.285,12,-0.02,12
9.29,12,-0.02,12
9.295,12,-0.02,12
9.3,12,-0.02,12
9.305,12,-0.02,12
9.31,12,-0.02,12
9.315,12,-0.02,12
9.32,12,-0.02,12
9.325,12,-0.02,12
9.33,12,-0.02,12
9.335,12,-0.02,12
9.34,12,-0.02,12
9.345,12,-0.02,12
9.35,12,-0.02,12
9.355,12,-0.02,12
9.36,12,-0.02,12
9.365,12,-0.02,12
9.37,12,-0.02,12
9.375,12,-0.02,12
9.38,12,-0.02,12
9.385,12,-0.02,12
9.39,12,-0.02,12
9.395,12,-0.02,12
9.4,12,-0.02,12
9.405,12,-0.02,12
9.41,12,-0.02,12
9.415,12,-0.02,12
9.42,12,-0.02,12
9.425,12,-0.02,12
9.43,12,-0.02,12
9.435,12,-0.02,12
9.44,12,-0.02,12
9.445,12,-0.02,12
9.45,12,-0.02,12
9.455,12,-0.02,12
9.46,12,-0.02,12
9.465,12,-0.02,12
9.47,12,-0.02,12
9.475,12,-0.02,12
9.48,12,-0.02,12
9.485,12,-0.02,12
9.49,12,-0.02,12
9.495,12,-0.02,12
9.5,12,-0.02,12
9.505,12,-0.02,12
9.51,12,-0.02,12
9.515,12,-0.02,12
9.52,12,-0.02,12
9.525,12,-0.02,12
9.53,12,-0.02,12
9.535,12,-0.02,12
9.54,12,-0.02,12
9.545,12,-0.02,12
9.55,12,-0.02,12
9.555,12,-0.02,12
9.56,12,-0.02,12
9.565,12,-0.02,12
9.57,12,-0.02,12
9.575,12,-0.02,12
9.58,12,-0.02,12
9.585,12,-0.02,12
9.59,12,-0.02,12
9.595,12,-0.02,12
9.6,12,-0.02,12
9.605,12,-0.02,12
9.61,12,-0.02,12
9.615,12,-0.02,12
9.62,12,-0.02,12
9.625,12,-0.02,12
9.63,12,-0.02,12
9.635,12,-0.02,12
9.64,12,-0.02,12
9.645,12,-0.02,12
9.65,12,-0.02,12
9.655,12,-0.02,12
9.66,12,-0.02,12
9.665,12,-0.02,12
9.67,12,-0.02,12
9.675,12,-0.02,12
9.68,12,-0.02,12
9.685,12,-0.02,12
9.69,12,-0.02,12
9.695,12,-0.02,12
9.7,12,-0.02,12
9.705,12,-0.02,12
9.71,12,-0.02,12
9.715,12,-0.02,12
9.72,12,-0.02,12
9.725,12,-0.02,12
9.73,12,-0.02,12
9.735,12,-0.02,12
9.74,12,-0.02,12
9.745,12,-0.02,12
9.75,12,-0.02,12
9.755,12,-0.02,12
9.76,12,-0.02,12
9.765,12,-0.02,12
9.77,12,-0.02,12
9.775,12,-0.02,12
9.78,12,-0.02,12
9.785,12,-0.02,12
9.79,12,-0.02,12
9.795,12,-0.02,12
9.8,12,-0.02,12
9.805,12,-0.02,12
9.81,12,-0.02,12
9.815,12,-0.02,12
9.82,12,-0.02,12
9.825,12,-0.02,12
9.83,12,-0.02,12
9.835,12,-0.02,12
9.84,12,-0.02,12
9.845,12,-0.02,12
9.85,12,-0.02,12
9.855,12,-0.02,12
9.86,12,-0.02,12
9.865,12,-0.02,12
9.87,12,-0.02,12
9.875,12,-0.02,12
9.88,12,-0.02,12
9.885,12,-0.02,12
9.89,12,-0.02,12
9.895,12,-0.02,12
9.9,12,-0.02,12
9.905,12,-0.02,12
9.91,12,-0.02,12
9.915,12,-0.02,12
9.92,12,-0.02,12
9.925,12,-0.02,12
9.93,12,-0.02,12
9.935,12,-0.02,12
9.94,12,-0.02,12
9.945,12,-0.02,12
9.95,12,-0.02,12
9.955,12,-0.02,12
9.96,12,-0.02,12
9.965,12,-0.02,12
9.97,12,-0.02,12
9.975,12,-0.02,12
9.98,12,-0.02,12
9.985,12,-0.02,12
9.99,12,-0.02,12
9.995,12,-0.02,12
10,12,-0.02,12
10.005,12,-0.02,12
10.01,12,-0.02,12
10.015,12,-0.02,12
10.02,12,-0.02,12
10.025,12,-0.02,12
10.03,12,-0.02,12
10.035,12,-0.02,12
10.04,12,-0.02,12
10.045,12,-0.02,12
10.05,12,-0.02,12
10.055,12,-0.02,12
10.06,12,-0.02,12
10.065,12,-0.02,12
10.07,12,-0.02,12
10.075,12,-0.02,12
10.08,12,-0.02,12
10.085,12,-0.02,12
10.09,12,-0.02,12
10.095,12,-0.02,12
10.1,12,-0.02,12
10.105,12,-0.02,12
10.11,12,-0.02,12
10.115,12,-0.02,12
10.12,12,-0.02,12
10.125,12,-0.02,12
10.13,12,-0.02,12
10.135,12,-0.02,12
10.14,12,-0.02,12
10.145,12,-0.02,12
10.15,12,-0.02,12
10.155,12,-0.02,12
10.16,12,-0.02,12
10.165,12,-0.02,12
10.17,12,-0.02,12
10.175,12,-0.02,12
10.18,12,-0.02,12
10.185,12,-0.02,12
10.19,12,-0.02,12
10.195,12,-0.02,12
10.2,12,-0.02,12
10.205,12,-0.02,12
10.21,12,-0.02,12
10.215,12,-0.02,12
10.22,12,-0.02,12
10.225,12,-0.02,12
10.23,12,-0.02,12
10.235,12,-0.02,12
10.24,12,-0.02,12
10.245,12,-0.02,12
10.25,12,-0.02,12
10.255,12,-0.02,12
10.26,12,-0.02,12
10.265,12,-0.02,12
10.27,12,-0.02,12
10.275,12,-0.02,12
10.28,12,-0.02,12
10.285,12,-0.02,12
10.29,12,-0.02,12
10.295,12,-0.02,12
10.3,12,-0.02,12
10.305,12,-0.02,12
10.31,12,-0.02,12
10.315,12,-0.02,12
10.32,12,-0.02,12
10.325,12,-0.02,12
10.33,12,-0.02,12
10.335,12,-0.02,12
10.34,12,-0.02,12
10.345,12,-0.02,12
10.35,12,-0.02,12
10.355,12,-0.02,12
10.36,12,-0.02,12
10.365,12,-0.02,12
10.37,12,-0.02,12
10.375,12,-0.02,12
10.38,12,-0.02,12
10.385,12,-0.02,12
10.39,12,-0.02,12
10.395,12,-0.02,12
10.4,12,-0.02,12
10.405,12,-0.02,12
10.41,12,-0.02,12
10.415,12,-0.02,12
10.42,12,-0.02,12
10.425,12,-0.02,12
10.43,12,-0.02,12
10.435,12,-0.02,12
10.44,12,-0.02,12
10.445,12,-0.02,12
10.45,12,-0.02,12
10.455,12,-0.02,12
10.46,12,-0.02,12
10.465,12,-0.02,12
10.47,12,-0.02,12
10.475,12,-0.02,12
10.48,12,-0.02,12
10.485,12,-0.02,12
10.49,12,-0.02,12
10.495,12,-0.02,12
10.5,12,-0.02,12
10.505,12,-0.02,12
10.51,12,-0.02,12
10.515,12,-0.02,12
10.52,12,-0.02,12
10.525,12,-0.02,12
10.53,12,-0.02,12
10.535,12,-0.02,12
10.54,12,-0.02,12
10.545,12,-0.02,12
10.55,12,-0.02,12
10.555,12,-0.02,12
10.56,12,-0.02,12
10.565,12,-0.02,12
10.57,12,-0.02,12
10.575,12,-0.02,12
10.58,12,-0.02,12
10.585,12,-0.02,12
10.59,12,-0.02,12
10.595,12,-0.02,12
10.6,12,-0.02,12
10.605,12,-0.02,12
10.61,12,-0.02,12
10.615,12,-0.02,12
10.62,12,-0.02,12
10.625,12,-0.02,12
10.63,12,-0.02,12
10.635,12,-0.02,12
10.64,12,-0.02,12
10.645,12,-0.02,12
10.65,12,-0.02,12
10.655,12,-0.02,12
10.66,12,-0.02,12
10.665,12,-0.02,12
10.67,12,-0.02,12
10.675,12,-0.02,12
10.68,12,-0.02,12
10.685,12,-0.02,12
10.69,12,-0.02,12
10.695,12,-0.02,12
10.7,12,-0.02,12
10.705,12,-0.02,12
10.71,12,-0.02,12
10.715,12,-0.02,12
10.72,12,-0.02,12
10.725,12,-0.02,12
10.73,12,-0.02,12
10.735,12,-0.02,12
10.74,12,-0.02,12
10.745,12,-0.02,12
10.75,12,-0.02,12
10.755,12,-0.02,12
10.76,12,-0.02,12
10.765,12,-0.02,12
10.77,12,-0.02,12
10.775,12,-0.02,12
10.78,12,-0.02,12
10.785,12,-0.02,12
10.79,12,-0.02,12
10.795,12,-0.02,12
10.8,12,-0.02,12
10.805,12,-0.02,12
10.81,12,-0.02,12
10.815,12,-0.02,12
10.82,12,-0.02,12
10.825,12,-0.02,12
10.83,12,-0.02,12
10.835,12,-0.02,12
10.84,12,-0.02,12
10.845,12,-0.02,12
10.85,12,-0.02,12
10.855,12,-0.02,12
10.86,12,-0.02,12
10.865,12,-0.02,12
10.87,12,-0.02,12
10.875,12,-0.02,12
10.88,12,-0.02,12
10.885,12,-0.02,12
10.89,12,-0.02,12
10.895,12,-0.02,12
10.9,12,-0.02,12
10.905,12,-0.02,12
10.91,12,-0.02,12
10.915,12,-0.02,12
10.92,12,-0.02,12
10.925,12,-0.02,12
10.93,12,-0.02,12
10.935,12,-0.02,12
10.94,12,-0.02,12
10.945,12,-0.02,12
10.95,12,-0.02,12
10.955,12,-0.02,12
10.96,12,-0.02,12
10.965,12,-0.02,12
10.97,12,-0.02,12
10.975,12,-0.02,12
10.98,12,-0.02,12
10.985,12,-0.02,12
10.99,12,-0.02,12
10.995,12,-0.02,12
11,13.5,5.23007,12
11.005,13.5,2.23015,12
11.01,13.5,2.23022,12
11.015,13.5,2.2303,12
11.02,13.5,2.23037,12
11.025,13.5,2.23045,12
11.03,13.5,2.23053,12
11.035,13.5,2.2306,12
11.04,13.5,2.23068,12
11.045,13.5,2.23075,12
11.05,13.5,2.23082,12
11.055,13.5,2.2309,12
11.06,13.5,2.23097,12
11.065,13.5,2.23105,12
11.07,13.5,2.23113,12
11.075,13.5,2.2312,12
11.08,13.5,2.23128,12
11.085,13.5,2.23135,12
11.09,13.5,2.23143,12
11.095,13.5,2.2315,12
11.1,13.5,2.23157,12
11.105,13.5,2.23165,12
11.11,13.5,2.23172,12
11.115,13.5,2.2318,12
11.12,13.5,2.23188,12
11.125,13.5,2.23195,12
11.13,13.5,2.23203,12
11.135,13.5,2.2321,12
11.14,13.5,2.23217,12
11.145,13.5,2.23225,12
11.15,13.5,2.23232,12
11.155,13.5,2.2324,12
11.16,13.5,2.23247,12
11.165,13.5,2.23255,12
11.17,13.5,2.23263,12
11.175,13.5,2.2327,12
11.18,13.5,2.23278,12
11.185,13.5,2.23285,12
11.19,13.5,2.23292,12
11.195,13.5,2.233,12
11.2,13.5,2.23307,12
11.205,13.5,2.23315,12
11.21,13.5,2.23323,12
11.215,13.5,2.2333,12
11.22,13.5,2.23338,12
11.225,13.5,2.23345,12
11.23,13.5,2.23353,12
11.235,13.5,2.2336,12
11.24,13.5,2.23367,12
11.245,13.5,2.23375,12
11.25,13.5,2.23382,12
11.255,13.5,2.2339,12
11.26,13.5,2.23398,12
11.265,13.5,2.23405,12
11.27,13.5,2.23413,12
11.275,13.5,2.2342,12
11.28,13.5,2.23428,12
11.285,13.5,2.23435,12
11.29,13.5,2.23442,12
11.295,13.5,2.2345,12
11.3,13.5,2.23457,12
11.305,13.5,2.23465,12
11.31,13.5,2.23473,12
11.315,13.5,2.2348,12
11.32,13.5,2.23488,12
11.325,13.5,2.23495,12
11.33,13.5,2.23503,12
11.335,13.5,2.2351,12
11.34,13.5,2.23517,12
11.345,13.5,2.23525,12
11.35,13.5,2.23533,12
11.355,13.5,2.2354,12
11.36,13.5,2.23548,12
11.365,13.5,2.23555,12
11.37,13.5,2.23563,12
11.375,13.5,2.2357,12
11.38,13.5,2.23577,12
11.385,13.5,2.23585,12
11.39,13.5,2.23592,12
11.395,13.5,2.236,12
11.4,13.5,2.23608,12
11.405,13.5,2.23615,12
11.41,13.5,2.23623,12
11.415,13.5,2.2363,12
11.42,13.5,2.23638,12
11.425,13.5,2.23645,12
11.43,13.5,2.23652,12
11.435,13.5,2.2366,12
11.44,13.5,2.23667,12
11.445,13.5,2.23675,12
11.45,13.5,2.23683,12
11.455,13.5,2.2369,12
11.46,13.5,2.23698,12
11.465,13.5,2.23705,12
11.47,13.5,2.23713,12
11.475,13.5,2.2372,12
11.48,13.5,2.23727,12
11.485,13.5,2.23735,12
11.49,13.5,2.23742,12
11.495,13.5,2.2375,12
11.5,13.5,2.23758,12
11.505,13.5,2.23765,12
11.51,13.5,2.23773,12
11.515,13.5,2.2378,12
11.52,13.5,2.23788,12
11.525,13.5,2.23795,12
11.53,13.5,2.23802,12
11.535,13.5,2.2381,12
11.54,13.5,2.23818,12
11.545,13.5,2.23825,12
11.55,13.5,2.23833,12
11.555,13.5,2.2384,12
11.56,13.5,2.23848,12
11.565,13.5,2.23855,12
11.57,13.5,2.23862,12
11.575,13.5,2.2387,12
11.58,13.5,2.23877,12
11.585,13.5,2.23885,12
11.59,13.5,2.23893,12
11.595,13.5,2.239,12
11.6,13.5,2.23908,12
11.605,13.5,2.23915,12
11.61,13.5,2.23923,12
11.615,13.5,2.2393,12
11.62,13.5,2.23937,12
11.625,13.5,2.23945,12
11.63,13.5,2.23952,12
11.635,13.5,2.2396,12
11.64,13.5,2.23968,12
11.645,13.5,2.23975,12
11.65,13.5,2.23983,12
11.655,13.5,2.2399,12
11.66,13.5,2.23998,12
11.665,13.5,2.24005,12
11.67,13.5,2.24012,12
11.675,13.5,2.2402,12
11.68,13.5,2.24028,12
11.685,13.5,2.24035,12
11.69,13.5,2.24043,12
11.695,13.5,2.2405,12
11.7,13.5,2.24058,12
11.705,13.5,2.24065,12
11.71,13.5,2.24073,12
11.715,13.5,2.2408,12
11.72,13.5,2.24087,12
11.725,13.5,2.24095,12
11.73,13.5,2.24103,12
11.735,13.5,2.2411,12
11.74,13.5,2.24118,12
11.745,13.5,2.24125,12
11.75,13.5,2.24133,12
11.755,13.5,2.2414,12
11.76,13.5,2.24147,12
11.765,13.5,2.24155,12
11.77,13.5,2.24162,12
11.775,13.5,2.2417,12
11.78,13.5,2.24178,12
11.785,13.5,2.24185,12
11.79,13.5,2.24193,12
11.795,13.5,2.242,12
11.8,13.5,2.24208,12
11.805,13.5,2.24215,12
11.81,13.5,2.24222,12
11.815,13.5,2.2423,12
11.82,13.5,2.24238,12
11.825,13.5,2.24245,12
11.83,13.5,2.24253,12
11.835,13.5,2.2426,12
11.84,13.5,2.24268,12
11.845,13.5,2.24275,12
11.85,13.5,2.24282,12
11.855,13.5,2.2429,12
11.86,13.5,2.24297,12
11.865,13.5,2.24305,12
11.87,13.5,2.24313,12
11.875,13.5,2.2432,12
11.88,13.5,2.24328,12
11.885,13.5,2.24335,12
11.89,13.5,2.24343,12
11.895,13.5,2.2435,12
11.9,13.5,2.24357,12
11.905,13.5,2.24365,12
11.91,13.5,2.24372,12
11.915,13.5,2.2438,12
11.92,13.5,2.24388,12
11.925,13.5,2.24395,12
11.93,13.5,2.24403,12
11.935,13.5,2.2441,12
11.94,13.5,2.24418,12
11.945,13.5,2.24425,12
11.95,13.5,2.24432,12
11.955,13.5,2.2444,12
11.96,13.5,2.24447,12
11.965,13.5,2.24455,12
11.97,13.5,2.24463,12
11.975,13.5,2.2447,12
11.98,13.5,2.24478,12
11.985,13.5,2.24485,12
11.99,13.5,2.24492,12
11.995,13.5,2.245,12
12,13.5,2.24507,12
12.005,13.5,2.24515,12
12.01,13.5,2.24523,12
12.015,13.5,2.2453,12
12.02,13.5,2.24538,12
12.025,13.5,2.24545,12
12.03,13.5,2.24553,12
12.035,13.5,2.2456,12
12.04,13.5,2.24567,12
12.045,13.5,2.24575,12
12.05,13.5,2.24582,12
12.055,13.5,2.2459,12
12.06,13.5,2.24598,12
12.065,13.5,2.24605,12
12.07,13.5,2.24613,12
12.075,13.5,2.2462,12
12.08,13.5,2.24628,12
12.085,13.5,2.24635,12
12.09,13.5,2.24642,12
12.095,13.5,2.2465,12
12.1,13.5,2.24657,12
12.105,13.5,2.24665,12
12.11,13.5,2.24673,12
12.115,13.5,2.2468,12
12.12,13.5,2.24688,12
12.125,13.5,2.24695,12
12.13,13.5,2.24703,12
12.135,13.5,2.2471,12
12.14,13.5,2.24717,12
12.145,13.5,2.24725,12
12.15,13.5,2.24733,12
12.155,13.5,2.2474,12
12.16,13.5,2.24748,12
12.165,13.5,2.24755,12
12.17,13.5,2.24763,12
12.175,13.5,2.2477,12
12.18,13.5,2.24777,12
12.185,13.5,2.24785,12
12.19,13.5,2.24792,12
12.195,13.5,2.248,12
12.2,13.5,2.24808,12
12.205,13.5,2.24815,12
12.21,13.5,2.24823,12
12.215,13.5,2.2483,12
12.22,13.5,2.24838,12
12.225,13.5,2.24845,12
12.23,13.5,2.24852,12
12.235,13.5,2.2486,12
12.24,13.5,2.24867,12
12.245,13.5,2.24875,12
12.25,13.5,2.24883,12
12.255,13.5,2.2489,12
12.26,13.5,2.24898,12
12.265,13.5,2.24905,12
12.27,13.5,2.24913,12
12.275,13.5,2.2492,12
12.28,13.5,2.24927,12
12.285,13.5,2.24935,12
12.29,13.5,2.24943,12
12.295,13.5,2.2495,12
12.3,13.5,2.24958,12
12.305,13.5,2.24965,12
12.31,13.5,2.24973,12
12.315,13.5,2.2498,12
12.32,13.5,2.24987,12
12.325,13.5,2.24995,12
12.33,13.5,2.25002,12
12.335,13.5,2.2501,12
12.34,13.5,2.25018,12
12.345,13.5,2.25025,12
12.35,13.5,2.25033,12
12.355,13.5,2.2504,12
12.36,13.5,2.25048,12
12.365,13.5,2.25055,12
12.37,13.5,2.25062,12
12.375,13.5,2.2507,12
12.38,13.5,2.25077,12
12.385,13.5,2.25085,12
12.39,13.5,2.25093,12
12.395,13.5,2.251,12
12.4,13.5,2.25108,12
12.405,13.5,2.25115,12
12.41,13.5,2.25123,12
12.415,13.5,2.2513,12
12.42,13.5,2.25137,12
12.425,13.5,2.25145,12
12.43,13.5,2.25152,12
12.435,13.5,2.2516,12
12.44,13.5,2.25168,12
12.445,13.5,2.25175,12
12.45,13.5,2.25183,12
12.455,13.5,2.2519,12
12.46,13.5,2.25197,12
12.465,13.5,2.25205,12
12.47,13.5,2.25212,12
12.475,13.5,2.2522,12
12.48,13.5,2.25228,12
12.485,13.5,2.25235,12
12.49,13.5,2.25243,12
12.495,13.5,2.2525,12
12.5,13.5,2.25258,12
12.505,13.5,2.25265,12
12.51,13.5,2.25272,12
12.515,13.5,2.2528,12
12.52,13.5,2.25287,12
12.525,13.5,2.25295,12
12.53,13.5,2.25303,12
12.535,13.5,2.2531,12
12.54,13.5,2.25318,12
12.545,13.5,2.25325,12
12.55,13.5,2.25333,12
12.555,13.5,2.2534,12
12.56,13.5,2.25347,12
12.565,13.5,2.25355,12
12.57,13.5,2.25362,12
12.575,13.5,2.2537,12
12.58,13.5,2.25378,12
12.585,13.5,2.25385,12
12.59,13.5,2.25393,12
12.595,13.5,2.254,12
12.6,13.5,2.25408,12
12.605,13.5,2.25415,12
12.61,13.5,2.25422,12
12.615,13.5,2.2543,12
12.62,13.5,2.25438,12
12.625,13.5,2.25445,12
12.63,13.5,2.25453,12
12.635,13.5,2.2546,12
12.64,13.5,2.25468,12
12.645,13.5,2.25475,12
12.65,13.5,2.25482,12
12.655,13.5,2.2549,12
12.66,13.5,2.25497,12
12.665,13.5,2.25505,12
12.67,13.5,2.25513,12
12.675,13.5,2.2552,12
12.68,13.5,2.25528,12
12.685,13.5,2.25535,12
12.69,13.5,2.25543,12
12.695,13.5,2.2555,12
12.7,13.5,2.25557,12
12.705,13.5,2.25565,12
12.71,13.5,2.25572,12
12.715,13.5,2.2558,12
12.72,13.5,2.25588,12
12.725,13.5,2.25595,12
12.73,13.5,2.25603,12
12.735,13.5,2.2561,12
12.74,13.5,2.25618,12
12.745,13.5,2.25625,12
12.75,13.5,2.25632,12
12.755,13.5,2.2564,12
12.76,13.5,2.25648,12
12.765,13.5,2.25655,12
12.77,13.5,2.25663,12
12.775,13.5,2.2567,12
12.78,13.5,2.25678,12
12.785,13.5,2.25685,12
12.79,13.5,2.25692,12
12.795,13.5,2.257,12.1
12.8,13.5,1.90707,12.1
12.805,13.5,2.10714,12.1
12.81,13.5,2.10721,12.1
12.815,13.5,2.10728,12.1
12.82,13.5,2.10735,12.1
12.825,13.5,2.10742,12.1
12.83,13.5,2.10749,12.2
12.835,13.5,1.75755,12.2
12.84,13.5,1.95762,12.2
12.845,13.5,1.95768,12.2
12.85,13.5,1.95775,12.2
12.855,13.5,1.95781,12.2
12.86,13.5,1.95788,12.2
12.865,13.5,1.95794,12.3
12.87,13.5,1.608,12.3
12.875,13.5,1.80806,12.3
12.88,13.5,1.80812,12.3
12.885,13.5,1.80818,12.3
12.89,13.5,1.80824,12.3
12.895,13.5,1.8083,12.3
12.9,13.5,1.80836,12.3
12.905,13.5,1.80842,12.4
12.91,13.5,1.45848,12.4
12.915,13.5,1.65853,12.4
12.92,13.5,1.65859,12.4
12.925,13.5,1.65864,12.4
12.93,13.5,1.6587,12.4
12.935,13.5,1.65875,12.4
12.94,13.5,1.65881,12.4
12.945,13.5,1.65886,12.5
12.95,13.5,1.30892,12.5
12.955,13.5,1.50897,12.5
12.96,13.5,1.50901,12.5
12.965,13.5,1.50907,12.5
12.97,13.5,1.50911,12.5
12.975,13.5,1.50917,12.5
12.98,13.5,1.50921,12.5
12.985,13.5,1.50927,12.5
12.99,13.5,1.50931,12.6
12.995,13.5,1.15936,12.6
13,13.5,1.3594,12.6
13.005,13.5,1.35945,12.6
13.01,13.5,1.35949,12.6
13.015,13.5,1.35954,12.6
13.02,13.5,1.35958,12.6
13.025,13.5,1.35963,12.6
13.03,13.5,1.35967,12.6
13.035,13.5,1.35972,12.6
13.04,13.5,1.35976,12.7
13.045,13.5,1.0098,12.7
13.05,13.5,1.20984,12.7
13.055,13.5,1.20988,12.7
13.06,13.5,1.20992,12.7
13.065,13.5,1.20996,12.7
13.07,13.5,1.21,12.7
13.075,13.5,1.21004,12.7
13.08,13.5,1.21008,12.7
13.085,13.5,1.21012,12.7
13.09,13.5,1.21016,12.7
13.095,13.5,1.2102,12.8
13.1,13.5,0.86024,12.8
13.105,13.5,1.06027,12.8
13.11,13.5,1.06031,12.8
13.115,13.5,1.06034,12.8
13.12,13.5,1.06038,12.8
13.125,13.5,1.06041,12.8
13.13,13.5,1.06045,12.8
13.135,13.5,1.06048,12.8
13.14,13.5,1.06052,12.8
13.145,13.5,1.06055,12.8
13.15,13.5,1.06059,12.8
13.155,13.5,1.06062,12.8
13.16,13.5,1.06066,12.9
13.165,13.5,0.71069,12.9
13.17,13.5,0.91072,12.9
13.175,13.5,0.91075,12.9
13.18,13.5,0.91078,12.9
13.185,13.5,0.91081,12.9
13.19,13.5,0.91084,12.9
13.195,13.5,0.91087,12.9
13.2,13.5,0.9109,12.9
13.205,13.5,0.91093,12.9
13.21,13.5,0.91096,12.9
13.215,13.5,0.91099,12.9
13.22,13.5,0.91102,12.9
13.225,13.5,0.91105,12.9
13.23,13.5,0.91108,13
13.235,13.5,0.561105,13
13.24,13.5,0.76113,13
13.245,13.5,0.761155,13
13.25,13.5,0.76118,13
13.255,13.5,0.761205,13
13.26,13.5,0.76123,13
13.265,13.5,0.761255,13
13.27,13.5,0.76128,13
13.275,13.5,0.761305,13
13.28,13.5,0.76133,13
13.285,13.5,0.761355,13
13.29,13.5,0.76138,13
13.295,13.5,0.761405,13
13.3,13.5,0.76143,13
13.305,13.5,0.761455,13
13.31,13.5,0.76148,13
13.315,13.5,0.761505,13
13.32,13.5,0.76153,13.1
13.325,13.5,0.41155,13.1
13.33,13.5,0.61157,13.1
13.335,13.5,0.61159,13.1
13.34,13.5,0.61161,13.1
13.345,13.5,0.61163,13.1
13.35,13.5,0.61165,13.1
13.355,13.5,0.61167,13.1
13.36,13.5,0.61169,13.1
13.365,13.5,0.61171,13.1
13.37,13.5,0.61173,13.1
13.375,13.5,0.61175,13.1
13.38,13.5,0.61177,13.1
13.385,13.5,0.61179,13.1
13.39,13.5,0.61181,13.1
13.395,13.5,0.61183,13.1
13.4,13.5,0.61185,13.1
13.405,13.5,0.61187,13.1
13.41,13.5,0.61189,13.1
13.415,13.5,0.61191,13.1
13.42,13.5,0.61193,13.1
13.425,13.5,0.61195,13.1
13.43,13.5,0.61197,13.2
13.435,13.5,0.261985,13.2
13.44,13.5,0.462,13.2
13.445,13.5,0.462015,13.2
13.45,13.5,0.46203,13.2
13.455,13.5,0.462045,13.2
13.46,13.5,0.46206,13.2
13.465,13.5,0.462075,13.2
13.47,13.5,0.46209,13.2
13.475,13.5,0.462105,13.2
13.48,13.5,0.46212,13.2
13.485,13.5,0.462135,13.2
13.49,13.5,0.46215,13.2
13.495,13.5,0.462165,13.2
13.5,13.5,0.46218,13.2
13.505,13.5,0.462195,13.2
13.51,13.5,0.46221,13.2
13.515,13.5,0.462225,13.2
13.52,13.5,0.46224,13.2
13.525,13.5,0.462255,13.2
13.53,13.5,0.46227,13.2
13.535,13.5,0.462285,13.2
13.54,13.5,0.4623,13.2
13.545,13.5,0.462315,13.2
13.55,13.5,0.46233,13.2
13.555,13.5,0.462345,13.2
13.56,13.5,0.46236,13.2
13.565,13.5,0.462375,13.2
13.57,13.5,0.46239,13.2
13.575,13.5,0.462405,13.3
13.58,13.5,0.112415,13.3
13.585,13.5,0.312425,13.3
13.59,13.5,0.312435,13.3
13.595,13.5,0.312445,13.3
13.6,13.5,0.312455,13.3
13.605,13.5,0.312465,13.3
13.61,13.5,0.312475,13.3
13.615,13.5,0.312485,13.3
13.62,13.5,0.312495,13.3
13.625,13.5,0.312505,13.3
13.63,13.5,0.312515,13.3
13.635,13.5,0.312525,13.3
13.64,13.5,0.312535,13.3
13.645,13.5,0.312545,13.3
13.65,13.5,0.312555,13.3
13.655,13.5,0.312565,13.3
13.66,13.5,0.312575,13.3
13.665,13.5,0.312585,13.3
13.67,13.5,0.312595,13.3
13.675,13.5,0.312605,13.3
13.68,13.5,0.312615,13.3
13.685,13.5,0.312625,13.3
13.69,13.5,0.312635,13.3
13.695,13.5,0.312645,13.3
13.7,13.5,0.312655,13.3
13.705,13.5,0.312665,13.3
13.71,13.5,0.312675,13.3
13.715,13.5,0.312685,13.3
13.72,13.5,0.312695,13.3
13.725,13.5,0.312705,13.3
13.73,13.5,0.312715,13.3
13.735,13.5,0.312725,13.3
13.74,13.5,0.312735,13.3
13.745,13.5,0.312745,13.3
13.75,13.5,0.312755,13.3
13.755,13.5,0.312765,13.3
13.76,13.5,0.312775,13.3
13.765,13.5,0.312785,13.3
13.77,13.5,0.312795,13.3
13.775,13.5,0.312805,13.3
13.78,13.5,0.312815,13.3
13.785,13.5,0.312825,13.3
13.79,13.5,0.312835,13.4
13.795,13.5,-0.03716,13.4
13.8,13.5,0.162845,13.4
13.805,13.5,0.16285,13.4
13.81,13.5,0.162855,13.4
13.815,13.5,0.16286,13.4
13.82,13.5,0.162865,13.4
13.825,13.5,0.16287,13.4
13.83,13.5,0.162875,13.4
13.835,13.5,0.16288,13.4
13.84,13.5,0.162885,13.4
13.845,13.5,0.16289,13.4
13.85,13.5,0.162895,13.4
13.855,13.5,0.1629,13.4
13.86,13.5,0.162905,13.4
13.865,13.5,0.16291,13.4
13.87,13.5,0.162915,13.4
13.875,13.5,0.16292,13.4
13.88,13.5,0.162925,13.4
13.885,13.5,0.16293,13.4
13.89,13.5,0.162935,13.4
13.895,13.5,0.16294,13.4
13.9,13.5,0.162945,13.4
13.905,13.5,0.16295,13.4
13.91,13.5,0.162955,13.4
13.915,13.5,0.16296,13.4
13.92,13.5,0.162965,13.4
13.925,13.5,0.16297,13.4
13.93,13.5,0.162975,13.4
13.935,13.5,0.16298,13.4
13.94,13.5,0.162985,13.4
13.945,13.5,0.16299,13.4
13.95,13.5,0.162995,13.4
13.955,13.5,0.163,13.4
13.96,13.5,0.163005,13.4
13.965,13.5,0.16301,13.4
13.97,13.5,0.163015,13.4
13.975,13.5,0.16302,13.4
13.98,13.5,0.163025,13.4
13.985,13.5,0.16303,13.4
13.99,13.5,0.163035,13.4
13.995,13.5,0.16304,13.4
14,13.5,0.163045,13.4
14.005,13.5,0.16305,13.4
14.01,13.5,0.163055,13.4
14.015,13.5,0.16306,13.4
14.02,13.5,0.163065,13.4
14.025,13.5,0.16307,13.4
14.03,13.5,0.163075,13.4
14.035,13.5,0.16308,13.4
14.04,13.5,0.163085,13.4
14.045,13.5,0.16309,13.4
14.05,13.5,0.163095,13.4
14.055,13.5,0.1631,13.4
14.06,13.5,0.163105,13.4
14.065,13.5,0.16311,13.4
14.07,13.5,0.163115,13.4
14.075,13.5,0.16312,13.4
14.08,13.5,0.163125,13.4
14.085,13.5,0.16313,13.4
14.09,13.5,0.163135,13.4
14.095,13.5,0.16314,13.4
14.1,13.5,0.163145,13.4
14.105,13.5,0.16315,13.4
14.11,13.5,0.163155,13.4
14.115,13.5,0.16316,13.4
14.12,13.5,0.163165,13.4
14.125,13.5,0.16317,13.4
14.13,13.5,0.163175,13.4
14.135,13.5,0.16318,13.4
14.14,13.5,0.163185,13.4
14.145,13.5,0.16319,13.4
14.15,13.5,0.163195,13.4
14.155,13.5,0.1632,13.4
14.16,13.5,0.163205,13.4
14.165,13.5,0.16321,13.4
14.17,13.5,0.163215,13.4
14.175,13.5,0.16322,13.4
14.18,13.5,0.163225,13.4
14.185,13.5,0.16323,13.4
14.19,13.5,0.163235,13.4
14.195,13.5,0.16324,13.4
14.2,13.5,0.163245,13.4
14.205,13.5,0.16325,13.5
14.21,13.5,-0.18675,13.5
14.215,13.5,0.01325,13.5
14.22,13.5,0.01325,13.5
14.225,13.5,0.01325,13.5
14.23,13.5,0.01325,13.5
14.235,13.5,0.01325,13.5
14.24,13.5,0.01325,13.5
14.245,13.5,0.01325,13.5
14.25,13.5,0.01325,13.5
14.255,13.5,0.01325,13.5
14.26,13.5,0.01325,13.5
14.265,13.5,0.01325,13.5
14.27,13.5,0.01325,13.5
14.275,13.5,0.01325,13.5
14.28,13.5,0.01325,13.5
14.285,13.5,0.01325,13.5
14.29,13.5,0.01325,13.5
14.295,13.5,0.01325,13.5
14.3,13.5,0.01325,13.5
14.305,13.5,0.01325,13.5
14.31,13.5,0.01325,13.5
14.315,13.5,0.01325,13.5
14.32,13.5,0.01325,13.5
14.325,13.5,0.01325,13.5
14.33,13.5,0.01325,13.5
14.335,13.5,0.01325,13.5
14.34,13.5,0.01325,13.5
14.345,13.5,0.01325,13.5
14.35,13.5,0.01325,13.5
14.355,13.5,0.01325,13.5
14.36,13.5,0.01325,13.5
14.365,13.5,0.01325,13.5
14.37,13.5,0.01325,13.5
14.375,13.5,0.01325,13.5
14.38,13.5,0.01325,13.5
14.385,13.5,0.01325,13.5
14.39,13.5,0.01325,13.5
14.395,13.5,0.01325,13.5
14.4,13.5,0.01325,13.5
14.405,13.5,0.01325,13.5
14.41,13.5,0.01325,13.5
14.415,13.5,0.01325,13.5
14.42,13.5,0.01325,13.5
14.425,13.5,0.01325,13.5
14.43,13.5,0.01325,13.5
14.435,13.5,0.01325,13.5
14.44,13.5,0.01325,13.5
14.445,13.5,0.01325,13.5
14.45,13.5,0.01325,13.5
14.455,13.5,0.01325,13.5
14.46,13.5,0.01325,13.5
14.465,13.5,0.01325,13.5
14.47,13.5,0.01325,13.5
14.475,13.5,0.01325,13.5
14.48,13.5,0.01325,13.5
14.485,13.5,0.01325,13.5
14.49,13.5,0.01325,13.5
14.495,13.5,0.01325,13.5
14.5,13.5,0.01325,13.5
14.505,13.5,0.01325,13.5
14.51,13.5,0.01325,13.5
14.515,13.5,0.01325,13.5
14.52,13.5,0.01325,13.5
14.525,13.5,0.01325,13.5
14.53,13.5,0.01325,13.5
14.535,13.5,0.01325,13.5
14.54,13.5,0.01325,13.5
14.545,13.5,0.01325,13.5
14.55,13.5,0.01325,13.5
14.555,13.5,0.01325,13.5
14.56,13.5,0.01325,13.5
14.565,13.5,0.01325,13.5
14.57,13.5,0.01325,13.5
14.575,13.5,0.01325,13.5
14.58,13.5,0.01325,13.5
14.585,13.5,0.01325,13.5
14.59,13.5,0.01325,13.5
14.595,13.5,0.01325,13.5
14.6,13.5,0.01325,13.5
14.605,13.5,0.01325,13.5
14.61,13.5,0.01325,13.5
14.615,13.5,0.01325,13.5
14.62,13.5,0.01325,13.5
14.625,13.5,0.01325,13.5
14.63,13.5,0.01325,13.5
14.635,13.5,0.01325,13.5
14.64,13.5,0.01325,13.5
14.645,13.5,0.01325,13.5
14.65,13.5,0.01325,13.5
14.655,13.5,0.01325,13.5
14.66,13.5,0.01325,13.5
14.665,13.5,0.01325,13.5
14.67,13.5,0.01325,13.5
14.675,13.5,0.01325,13.5
14.68,13.5,0.01325,13.5
14.685,13.5,0.01325,13.5
14.69,13.5,0.01325,13.5
14.695,13.5,0.01325,13.5
14.7,13.5,0.01325,13.5
14.705,13.5,0.01325,13.5
14.71,13.5,0.01325,13.5
14.715,13.5,0.01325,13.5
14.72,13.5,0.01325,13.5
14.725,13.5,0.01325,13.5
14.73,13.5,0.01325,13.5
14.735,13.5,0.01325,13.5
14.74,13.5,0.01325,13.5
14.745,13.5,0.01325,13.5
14.75,13.5,0.01325,13.5
14.755,13.5,0.01325,13.5
14.76,13.5,0.01325,13.5
14.765,13.5,0.01325,13.5
14.77,13.5,0.01325,13.5
14.775,13.5,0.01325,13.5
14.78,13.5,0.01325,13.5
14.785,13.5,0.01325,13.5
14.79,13.5,0.01325,13.5
14.795,13.5,0.01325,13.5
14.8,13.5,0.01325,13.5
14.805,13.5,0.01325,13.5
14.81,13.5,0.01325,13.5
14.815,13.5,0.01325,13.5
14.82,13.5,0.01325,13.5
14.825,13.5,0.01325,13.5
14.83,13.5,0.01325,13.5
14.835,13.5,0.01325,13.5
14.84,13.5,0.01325,13.5
14.845,13.5,0.01325,13.5
14.85,13.5,0.01325,13.5
14.855,13.5,0.01325,13.5
14.86,13.5,0.01325,13.5
14.865,13.5,0.01325,13.5
14.87,13.5,0.01325,13.5
14.875,13.5,0.01325,13.5
14.88,13.5,0.01325,13.5
14.885,13.5,0.01325,13.5
14.89,13.5,0.01325,13.5
14.895,13.5,0.01325,13.5
14.9,13.5,0.01325,13.5
14.905,13.5,0.01325,13.5
14.91,13.5,0.01325,13.5
14.915,13.5,0.01325,13.5
14.92,13.5,0.01325,13.5
14.925,13.5,0.01325,13.5
14.93,13.5,0.01325,13.5
14.935,13.5,0.01325,13.5
14.94,13.5,0.01325,13.5
14.945,13.5,0.01325,13.5
14.95,13.5,0.01325,13.5
14.955,13.5,0.01325,13.5
14.96,13.5,0.01325,13.5
14.965,13.5,0.01325,13.5
14.97,13.5,0.01325,13.5
14.975,13.5,0.01325,13.5
14.98,13.5,0.01325,13.5
14.985,13.5,0.01325,13.5
14.99,13.5,0.01325,13.5
14.995,13.5,0.01325,13.5
